label,model,fold,test_year,auc,precision,recall,f1,brier,pos_rate_train,pos_rate_test
target_stop,logistic,1,1985,0.5689028302559349,0.3854166666666667,0.4457831325301205,0.4134078212290503,0.2407087712174737,0.2971887550200803,0.32936507936507936
target_stop,xgboost,1,1985,0.6048335353247309,0.3894736842105263,0.4457831325301205,0.4157303370786517,0.2729026254113123,0.2971887550200803,0.32936507936507936
target_stop,lightgbm,1,1985,0.5926427603906752,0.37755102040816324,0.4457831325301205,0.4088397790055249,0.26938803969850617,0.2971887550200803,0.32936507936507936
target_stop,logistic,2,1986,0.4818376068376068,0.45588235294117646,0.5299145299145299,0.4901185770750988,0.2609049235462364,0.2982982982982983,0.4624505928853755
target_stop,xgboost,2,1986,0.4009552538964304,0.35294117647058826,0.2564102564102564,0.297029702970297,0.3572348032536887,0.2982982982982983,0.4624505928853755
target_stop,lightgbm,2,1986,0.3970588235294118,0.3557692307692308,0.3162393162393162,0.334841628959276,0.3596478638227439,0.2982982982982983,0.4624505928853755
target_stop,logistic,3,1987,0.42042099858811455,0.37748344370860926,0.5377358490566038,0.44357976653696496,0.2669946746913778,0.33785942492012777,0.4189723320158103
target_stop,xgboost,3,1987,0.5690540367090232,0.4391891891891892,0.6132075471698113,0.5118110236220472,0.3002335525661917,0.33785942492012777,0.4189723320158103
target_stop,lightgbm,3,1987,0.5241304068797331,0.4267515923566879,0.6320754716981132,0.5095057034220533,0.31628980413464275,0.33785942492012777,0.4189723320158103
target_stop,logistic,4,1988,0.42925015492666807,0.20725388601036268,0.851063829787234,0.3333333333333333,0.28542724720998547,0.3501661129568106,0.1857707509881423
target_stop,xgboost,4,1988,0.4486676306548234,0.1652892561983471,0.425531914893617,0.23809523809523808,0.30181863247666846,0.3501661129568106,0.1857707509881423
target_stop,lightgbm,4,1988,0.4398884527990084,0.13793103448275862,0.2553191489361702,0.1791044776119403,0.27678134488848183,0.3501661129568106,0.1857707509881423
target_stop,logistic,5,1989,0.578622668579627,0.36486486486486486,0.6585365853658537,0.46956521739130436,0.2544795889334104,0.32992036405005687,0.3253968253968254
target_stop,xgboost,5,1989,0.3280487804878049,0.13114754098360656,0.0975609756097561,0.11188811188811189,0.3059753336438424,0.32992036405005687,0.3253968253968254
target_stop,lightgbm,5,1989,0.3432568149210904,0.12,0.07317073170731707,0.09090909090909091,0.29464171487052565,0.32992036405005687,0.3253968253968254
target_stop,logistic,6,1990,0.6294077134986226,0.41721854304635764,0.7159090909090909,0.5271966527196653,0.24777349295350426,0.3308457711442786,0.34782608695652173
target_stop,xgboost,6,1990,0.628099173553719,0.4578313253012048,0.4318181818181818,0.4444444444444444,0.22646831972182524,0.3308457711442786,0.34782608695652173
target_stop,lightgbm,6,1990,0.6307162534435262,0.515625,0.375,0.4342105263157895,0.2230054232036898,0.3308457711442786,0.34782608695652173
target_stop,logistic,7,1991,0.63506625891947,0.5354330708661418,0.6238532110091743,0.576271186440678,0.23621548679889903,0.32788334069818825,0.4308300395256917
target_stop,xgboost,7,1991,0.5290519877675841,0.4563106796116505,0.43119266055045874,0.44339622641509435,0.2791836624660794,0.32788334069818825,0.4308300395256917
target_stop,lightgbm,7,1991,0.5691258919469929,0.4727272727272727,0.47706422018348627,0.4748858447488584,0.26107488115282335,0.32788334069818825,0.4308300395256917
target_stop,logistic,8,1992,0.6372415994891851,0.35877862595419846,0.7014925373134329,0.47474747474747475,0.248498693119151,0.33624801271860094,0.2637795275590551
target_stop,xgboost,8,1992,0.6497725277356532,0.35344827586206895,0.6119402985074627,0.44808743169398907,0.2361678299486779,0.33624801271860094,0.2637795275590551
target_stop,lightgbm,8,1992,0.659350307287094,0.371900826446281,0.6716417910447762,0.4787234042553192,0.2347541638162361,0.33624801271860094,0.2637795275590551
target_stop,logistic,9,1993,0.4521329365079365,0.22388059701492538,0.46875,0.30303030303030304,0.264717044863568,0.33357400722021663,0.25296442687747034
target_stop,xgboost,9,1993,0.5329861111111112,0.2604166666666667,0.390625,0.3125,0.2775588649759716,0.33357400722021663,0.25296442687747034
target_stop,lightgbm,9,1993,0.5339781746031746,0.24324324324324326,0.421875,0.30857142857142855,0.27974571681342925,0.33357400722021663,0.25296442687747034
target_stop,logistic,10,1994,0.436734693877551,0.2357142857142857,0.4714285714285714,0.3142857142857143,0.26630247845651356,0.3271584518690043,0.2777777777777778
target_stop,xgboost,10,1994,0.44136577708006275,0.125,0.11428571428571428,0.11940298507462686,0.26713702294140507,0.3271584518690043,0.2777777777777778
target_stop,lightgbm,10,1994,0.4301412872841444,0.1111111111111111,0.1,0.10526315789473684,0.2734314790299649,0.3271584518690043,0.2777777777777778
target_stop,logistic,11,1995,0.4726930320150659,0.3076923076923077,0.4266666666666667,0.3575418994413408,0.25383866228145013,0.32091603053435114,0.2976190476190476
target_stop,xgboost,11,1995,0.4992090395480226,0.2465753424657534,0.24,0.24324324324324326,0.2477196969400936,0.32091603053435114,0.2976190476190476
target_stop,lightgbm,11,1995,0.5060640301318268,0.24285714285714285,0.22666666666666666,0.23448275862068965,0.24880540690510203,0.32091603053435114,0.2976190476190476
target_stop,logistic,12,1996,0.4420370370370371,0.16666666666666666,0.3333333333333333,0.2222222222222222,0.25596229528938697,0.3226538134391834,0.2125984251968504
target_stop,xgboost,12,1996,0.4982407407407408,0.2196969696969697,0.5370370370370371,0.3118279569892473,0.27914906422955876,0.3226538134391834,0.2125984251968504
target_stop,lightgbm,12,1996,0.42194444444444446,0.17699115044247787,0.37037037037037035,0.23952095808383234,0.28450536892353495,0.3226538134391834,0.2125984251968504
target_stop,logistic,13,1997,0.4992389649923896,0.2777777777777778,0.3424657534246575,0.3067484662576687,0.24953477989526157,0.3163184342766464,0.2885375494071146
target_stop,xgboost,13,1997,0.5113394216133942,0.29411764705882354,0.410958904109589,0.34285714285714286,0.2553976056575502,0.3163184342766464,0.2885375494071146
target_stop,lightgbm,13,1997,0.4592085235920852,0.2807017543859649,0.4383561643835616,0.3422459893048128,0.2703885808664512,0.3163184342766464,0.2885375494071146
target_stop,logistic,14,1998,0.430181794487522,0.35658914728682173,0.44660194174757284,0.39655172413793105,0.2621985495987244,0.31284085275161133,0.4087301587301587
target_stop,xgboost,14,1998,0.5171043200625529,0.38738738738738737,0.4174757281553398,0.40186915887850466,0.2783846696744059,0.31284085275161133,0.4087301587301587
target_stop,lightgbm,14,1998,0.5161920896592168,0.4188034188034188,0.47572815533980584,0.44545454545454544,0.281436337366407,0.31284085275161133,0.4087301587301587
target_stop,logistic,15,1999,0.4342513453624564,0.40145985401459855,0.4700854700854701,0.4330708661417323,0.2581420574962282,0.3163789080727952,0.4642857142857143
target_stop,xgboost,15,1999,0.6557138334916113,0.6164383561643836,0.38461538461538464,0.47368421052631576,0.22994305215674088,0.3163789080727952,0.4642857142857143
target_stop,lightgbm,15,1999,0.6528648306426085,0.6206896551724138,0.46153846153846156,0.5294117647058824,0.23061344760670063,0.3163789080727952,0.4642857142857143
target_stop,logistic,16,2000,0.51798273657289,0.28160919540229884,0.7205882352941176,0.4049586776859504,0.2616483013514667,0.3263552225650066,0.2698412698412698
target_stop,xgboost,16,2000,0.4331841432225064,0.25,0.5588235294117647,0.34545454545454546,0.34909965052880226,0.3263552225650066,0.2698412698412698
target_stop,lightgbm,16,2000,0.4280690537084399,0.2356687898089172,0.5441176470588235,0.3288888888888889,0.33646323377538506,0.3263552225650066,0.2698412698412698
target_stop,logistic,17,2001,0.5504500580720093,0.3707865168539326,0.7857142857142857,0.5038167938931297,0.2549107321001439,0.32317327766179543,0.3387096774193548
target_stop,xgboost,17,2001,0.4386614401858304,0.31666666666666665,0.4523809523809524,0.37254901960784315,0.2803158133582503,0.32317327766179543,0.3387096774193548
target_stop,lightgbm,17,2001,0.42733739837398377,0.2900763358778626,0.4523809523809524,0.35348837209302325,0.2927211285438369,0.32317327766179543,0.3387096774193548
target_stop,logistic,18,2002,0.46146651702207253,0.19083969465648856,0.46296296296296297,0.2702702702702703,0.25448590403810656,0.3237395791980945,0.21428571428571427
target_stop,xgboost,18,2002,0.41947250280583614,0.16666666666666666,0.2777777777777778,0.20833333333333334,0.2560132222985617,0.3237395791980945,0.21428571428571427
target_stop,lightgbm,18,2002,0.40740740740740733,0.16037735849056603,0.3148148148148148,0.2125,0.26239247261878484,0.3237395791980945,0.21428571428571427
target_stop,logistic,19,2003,0.34717425431711146,0.1901840490797546,0.44285714285714284,0.26609442060085836,0.26453980788397463,0.32041587901701324,0.2777777777777778
target_stop,xgboost,19,2003,0.3565934065934066,0.2108843537414966,0.44285714285714284,0.2857142857142857,0.2882096986800666,0.32041587901701324,0.2777777777777778
target_stop,lightgbm,19,2003,0.35172684458398745,0.20588235294117646,0.4,0.27184466019417475,0.2876198029236247,0.32041587901701324,0.2777777777777778
target_stop,logistic,20,2004,0.4605766115970198,0.5617977528089888,0.6802721088435374,0.6153846153846154,0.25075876727769153,0.316131360519668,0.5833333333333334
target_stop,xgboost,20,2004,0.3521218011013929,0.43010752688172044,0.272108843537415,0.3333333333333333,0.30558982981486904,0.316131360519668,0.5833333333333334
target_stop,lightgbm,20,2004,0.41192095885973434,0.4946236559139785,0.3129251700680272,0.38333333333333336,0.2939316901192392,0.316131360519668,0.5833333333333334
target_stop,logistic,21,2005,0.5124211853720051,0.5408163265306123,0.8153846153846154,0.6503067484662577,0.2508011426433352,0.3284432171211598,0.5158730158730159
target_stop,xgboost,21,2005,0.5781210592686001,0.5984251968503937,0.5846153846153846,0.5914396887159533,0.25666254767850233,0.3284432171211598,0.5158730158730159
target_stop,lightgbm,21,2005,0.5868221941992434,0.5859375,0.5769230769230769,0.5813953488372093,0.25045500092536355,0.3284432171211598,0.5158730158730159
target_stop,logistic,22,2006,0.5341633318511931,0.36153846153846153,0.6025641025641025,0.4519230769230769,0.25629640236339146,0.3359245782335428,0.3107569721115538
target_stop,xgboost,22,2006,0.5323847635986365,0.3333333333333333,0.5,0.4,0.2539522101569942,0.3359245782335428,0.3107569721115538
target_stop,lightgbm,22,2006,0.5512820512820512,0.375,0.6538461538461539,0.4766355140186916,0.2575938491374354,0.3359245782335428,0.3107569721115538
target_stop,logistic,23,2007,0.4818066157760815,0.46632124352331605,0.75,0.5750798722044729,0.25658522723679866,0.3361918373828807,0.47808764940239046
target_stop,xgboost,23,2007,0.5071882951653944,0.4888888888888889,0.55,0.5176470588235295,0.2734407051221862,0.3361918373828807,0.47808764940239046
target_stop,lightgbm,23,2007,0.5079516539440203,0.4965034965034965,0.5916666666666667,0.5399239543726235,0.2737436172740918,0.3361918373828807,0.47808764940239046
target_stop,logistic,24,2008,0.4702576112412178,0.24705882352941178,0.3,0.2709677419354839,0.246125371076668,0.3416310323762981,0.2766798418972332
target_stop,xgboost,24,2008,0.4956284153005464,0.24210526315789474,0.32857142857142857,0.2787878787878788,0.25087902948934765,0.3416310323762981,0.2766798418972332
target_stop,lightgbm,24,2008,0.5209211553473849,0.2736842105263158,0.37142857142857144,0.3151515151515151,0.252589868142521,0.3416310323762981,0.2766798418972332
target_stop,logistic,25,2009,0.3784079218106996,0.4031413612565445,0.7129629629629629,0.5150501672240803,0.2674572986145468,0.338479635347743,0.42857142857142855
target_stop,xgboost,25,2009,0.5270061728395061,0.4540229885057471,0.7314814814814815,0.5602836879432624,0.2700305728583747,0.338479635347743,0.42857142857142855
target_stop,lightgbm,25,2009,0.5147247942386832,0.422360248447205,0.6296296296296297,0.5055762081784386,0.2676205703122579,0.338479635347743,0.42857142857142855
target_stop,logistic,26,2010,0.5279871222653105,0.28431372549019607,0.7341772151898734,0.4098939929328622,0.26535312798529825,0.3416985679852545,0.3134920634920635
target_stop,xgboost,26,2010,0.2828711494841589,0.1889763779527559,0.3037974683544304,0.23300970873786409,0.3151060531376745,0.3416985679852545,0.3134920634920635
target_stop,lightgbm,26,2010,0.3377844442818468,0.16981132075471697,0.22784810126582278,0.1945945945945946,0.2949935481471201,0.3416985679852545,0.3134920634920635
target_stop,logistic,27,2011,0.477322262584328,0.19375,0.6595744680851063,0.2995169082125604,0.26296829324658916,0.34182067077344286,0.1865079365079365
target_stop,xgboost,27,2011,0.41494551115723927,0.136986301369863,0.425531914893617,0.20725388601036268,0.27097597936207596,0.34182067077344286,0.1865079365079365
target_stop,lightgbm,27,2011,0.3579657498702647,0.10526315789473684,0.2978723404255319,0.15555555555555556,0.2905464791574398,0.34182067077344286,0.1865079365079365
target_stop,logistic,28,2012,0.7161458333333334,0.366412213740458,0.8275862068965517,0.5079365079365079,0.24346107973552933,0.33531824798200344,0.232
target_stop,xgboost,28,2012,0.4536637931034483,0.189873417721519,0.25862068965517243,0.21897810218978103,0.23988459740188284,0.33531824798200344,0.232
target_stop,lightgbm,28,2012,0.5202047413793103,0.23529411764705882,0.3448275862068966,0.27972027972027974,0.23070769855094975,0.33531824798200344,0.232
target_stop,logistic,29,2013,0.4593096497858403,0.2066115702479339,0.3968253968253968,0.2717391304347826,0.2513419133710405,0.33329063660817215,0.25
target_stop,xgboost,29,2013,0.5166708658772151,0.26732673267326734,0.42857142857142855,0.32926829268292684,0.25346586221733697,0.33329063660817215,0.25
target_stop,lightgbm,29,2013,0.4894599815234736,0.25,0.5396825396825397,0.3417085427135678,0.27995483598553866,0.33329063660817215,0.25
target_stop,logistic,30,2014,0.4085445804195804,0.12878787878787878,0.38636363636363635,0.19318181818181818,0.25861846100988883,0.3306861893535178,0.1746031746031746
target_stop,xgboost,30,2014,0.5549606643356644,0.25,0.5,0.3333333333333333,0.22278853502723325,0.3306861893535178,0.1746031746031746
target_stop,lightgbm,30,2014,0.5081949300699301,0.16279069767441862,0.3181818181818182,0.2153846153846154,0.23243709472973673,0.3306861893535178,0.1746031746031746
target_stop,logistic,31,2015,0.5399605003291639,0.16666666666666666,0.2,0.18181818181818182,0.2361180135965423,0.3259535555288172,0.1388888888888889
target_stop,xgboost,31,2015,0.6458196181698486,0.189873417721519,0.42857142857142855,0.2631578947368421,0.20576488146334218,0.3259535555288172,0.1388888888888889
target_stop,lightgbm,31,2015,0.6559578670177748,0.1978021978021978,0.5142857142857142,0.2857142857142857,0.20850900134120232,0.3259535555288172,0.1388888888888889
target_stop,logistic,32,2016,0.39781111657648793,0.031746031746031744,0.05263157894736842,0.039603960396039604,0.23783401457382342,0.32044844096695085,0.15079365079365079
target_stop,xgboost,32,2016,0.5115592720118052,0.12931034482758622,0.39473684210526316,0.19480519480519481,0.2624505672302595,0.32044844096695085,0.15079365079365079
target_stop,lightgbm,32,2016,0.5365223807181505,0.1440677966101695,0.4473684210526316,0.21794871794871795,0.26529974859881694,0.32044844096695085,0.15079365079365079
target_stop,logistic,33,2017,0.4083775185577943,0.07317073170731707,0.06521739130434782,0.06896551724137931,0.23844645531257727,0.31559841179807147,0.18326693227091634
target_stop,xgboost,33,2017,0.38075291622481444,0.0,0.0,0.0,0.19740053955524145,0.31559841179807147,0.18326693227091634
target_stop,lightgbm,33,2017,0.3207847295864263,0.0,0.0,0.0,0.20054122364126156,0.31559841179807147,0.18326693227091634
target_stop,logistic,34,2018,0.3573059360730593,0.0,0.0,0.0,0.22936063879885987,0.31193470108096183,0.12749003984063745
target_stop,xgboost,34,2018,0.35088470319634707,0.05970149253731343,0.125,0.08080808080808081,0.2261783339804308,0.31193470108096183,0.12749003984063745
target_stop,lightgbm,34,2018,0.3321917808219178,0.046153846153846156,0.09375,0.061855670103092786,0.22243327306120997,0.31193470108096183,0.12749003984063745
target_stop,logistic,35,2019,0.3645640074211503,0.1875,0.09183673469387756,0.1232876712328767,0.25299801024370333,0.3069657615112161,0.3888888888888889
target_stop,xgboost,35,2019,0.3804333421680361,0.3137254901960784,0.16326530612244897,0.21476510067114093,0.2725178527507005,0.3069657615112161,0.3888888888888889
target_stop,lightgbm,35,2019,0.3902729923138087,0.31666666666666665,0.19387755102040816,0.24050632911392406,0.2754996746192747,0.3069657615112161,0.3888888888888889
target_stop,logistic,36,2020,0.5152509652509653,0.42857142857142855,0.4857142857142857,0.45535714285714285,0.2503212544045745,0.3070331278085484,0.4150197628458498
target_stop,xgboost,36,2020,0.3778635778635779,0.3741935483870968,0.5523809523809524,0.4461538461538462,0.2844452369438292,0.3070331278085484,0.4150197628458498
target_stop,lightgbm,36,2020,0.3900900900900901,0.3782051282051282,0.5619047619047619,0.4521072796934866,0.2818323372363231,0.3070331278085484,0.4150197628458498
target_stop,logistic,37,2021,0.4373168606953354,0.16393442622950818,0.14492753623188406,0.15384615384615385,0.2449889475952223,0.31083282427204234,0.27380952380952384
target_stop,xgboost,37,2021,0.43454502257068184,0.22413793103448276,0.18840579710144928,0.2047244094488189,0.23610060138476893,0.31083282427204234,0.27380952380952384
target_stop,lightgbm,37,2021,0.47042052744119744,0.23076923076923078,0.17391304347826086,0.19834710743801653,0.23460242463404823,0.31083282427204234,0.27380952380952384
target_stop,logistic,38,2022,0.4758241758241758,0.32653061224489793,0.2857142857142857,0.3047619047619048,0.23824771024131144,0.3108000794123486,0.22310756972111553
target_stop,xgboost,38,2022,0.5347527472527472,0.26506024096385544,0.39285714285714285,0.31654676258992803,0.22924560574258948,0.3108000794123486,0.22310756972111553
target_stop,lightgbm,38,2022,0.5359432234432234,0.2553191489361702,0.42857142857142855,0.32,0.2321377386532118,0.3108000794123486,0.22310756972111553
target_stop,logistic,39,2023,0.35566448801742917,0.07272727272727272,0.11764705882352941,0.0898876404494382,0.23912733480357137,0.3083777239709443,0.136
target_stop,xgboost,39,2023,0.5499727668845316,0.23255813953488372,0.29411764705882354,0.2597402597402597,0.1894279329389961,0.3083777239709443,0.136
target_stop,lightgbm,39,2023,0.5619553376906319,0.2727272727272727,0.35294117647058826,0.3076923076923077,0.18985648724656176,0.3083777239709443,0.136
target_stop,logistic,40,2024,0.5336162988115449,0.39473684210526316,0.24193548387096775,0.3,0.23483508010035795,0.3046808510638298,0.24603174603174602
target_stop,xgboost,40,2024,0.4978777589134125,0.2727272727272727,0.24193548387096775,0.2564102564102564,0.2199963372712871,0.3046808510638298,0.24603174603174602
target_stop,lightgbm,40,2024,0.46867572156196946,0.23214285714285715,0.20967741935483872,0.22033898305084745,0.22667291940650686,0.3046808510638298,0.24603174603174602
target_stop,logistic,41,2025,0.36546982429335373,0.16326530612244897,0.22857142857142856,0.19047619047619047,0.23964005502684796,0.3033157846125427,0.15765765765765766
target_stop,xgboost,41,2025,0.33567608861726506,0.08571428571428572,0.17142857142857143,0.11428571428571428,0.24754590809903593,0.3033157846125427,0.15765765765765766
target_stop,lightgbm,41,2025,0.3708174178762414,0.11538461538461539,0.2571428571428571,0.1592920353982301,0.24633882972810348,0.3033157846125427,0.15765765765765766
median_return,logistic,1,1985,0.6907748137772968,0.6729559748427673,0.7697841726618705,0.7181208053691275,0.23352778091155738,0.5100401606425703,0.5515873015873016
median_return,xgboost,1,1985,0.5572037944865348,0.5419354838709678,0.60431654676259,0.5714285714285714,0.2922417995827586,0.5100401606425703,0.5515873015873016
median_return,lightgbm,1,1985,0.5861717705481632,0.5878378378378378,0.6258992805755396,0.6062717770034843,0.26959160567885226,0.5100401606425703,0.5515873015873016
median_return,logistic,2,1986,0.725032175032175,0.795774647887324,0.7635135135135135,0.7793103448275862,0.22679731520209084,0.5205205205205206,0.5849802371541502
median_return,xgboost,2,1986,0.6832046332046332,0.75,0.527027027027027,0.6190476190476191,0.2310288607631428,0.5205205205205206,0.5849802371541502
median_return,lightgbm,2,1986,0.6507400257400257,0.7130434782608696,0.5540540540540541,0.623574144486692,0.2411580234937138,0.5205205205205206,0.5849802371541502
median_return,logistic,3,1987,0.47930515489778003,0.42990654205607476,0.3865546218487395,0.40707964601769914,0.2668266147919403,0.536741214057508,0.47035573122529645
median_return,xgboost,3,1987,0.4224256866925875,0.42105263157894735,0.47058823529411764,0.4444444444444444,0.34670847295079305,0.536741214057508,0.47035573122529645
median_return,lightgbm,3,1987,0.4273171955349304,0.4148148148148148,0.47058823529411764,0.4409448818897638,0.3437429174194853,0.536741214057508,0.47035573122529645
median_return,logistic,4,1988,0.5243229367218586,0.4166666666666667,0.9905660377358491,0.5865921787709497,0.2859786163450493,0.5282392026578073,0.4189723320158103
median_return,xgboost,4,1988,0.4857527916827108,0.38860103626943004,0.7075471698113207,0.5016722408026756,0.3546598667216678,0.5282392026578073,0.4189723320158103
median_return,lightgbm,4,1988,0.5004492362982929,0.39473684210526316,0.7075471698113207,0.5067567567567568,0.34072834113085104,0.5282392026578073,0.4189723320158103
median_return,logistic,5,1989,0.6735390842398179,0.5043859649122807,0.9745762711864406,0.6647398843930635,0.2488221395487576,0.5102389078498294,0.46825396825396826
median_return,xgboost,5,1989,0.6041613964077915,0.5038167938931297,0.559322033898305,0.5301204819277109,0.25941209185779657,0.5102389078498294,0.46825396825396826
median_return,lightgbm,5,1989,0.5684922843410067,0.4772727272727273,0.5338983050847458,0.504,0.26467450044717816,0.5102389078498294,0.46825396825396826
median_return,logistic,6,1990,0.6953667953667952,0.6071428571428571,0.918918918918919,0.7311827956989247,0.2265494466078323,0.5119402985074627,0.5849802371541502
median_return,xgboost,6,1990,0.46248391248391246,0.525,0.28378378378378377,0.3684210526315789,0.2850590348050339,0.5119402985074627,0.5849802371541502
median_return,lightgbm,6,1990,0.4713642213642214,0.5806451612903226,0.36486486486486486,0.44813278008298757,0.28018449842622145,0.5119402985074627,0.5849802371541502
median_return,logistic,7,1991,0.6546352583586627,0.518796992481203,0.6160714285714286,0.563265306122449,0.2266993201597263,0.5117101193106496,0.4426877470355731
median_return,xgboost,7,1991,0.5703520770010131,0.49295774647887325,0.625,0.5511811023622047,0.2546824046106954,0.5117101193106496,0.4426877470355731
median_return,lightgbm,7,1991,0.5571175278622087,0.4789915966386555,0.5089285714285714,0.4935064935064935,0.25620043275740606,0.5117101193106496,0.4426877470355731
median_return,logistic,8,1992,0.6573918456271398,0.553072625698324,0.8319327731092437,0.6644295302013423,0.2409668629762123,0.5047694753577107,0.468503937007874
median_return,xgboost,8,1992,0.6170557111733582,0.5374149659863946,0.6638655462184874,0.5939849624060151,0.2562559113799429,0.5047694753577107,0.468503937007874
median_return,lightgbm,8,1992,0.6201369436663555,0.5357142857142857,0.6302521008403361,0.5791505791505791,0.25284690235288787,0.5047694753577107,0.468503937007874
median_return,logistic,9,1993,0.6158291131021945,0.46632124352331605,0.8823529411764706,0.6101694915254238,0.2590607066167628,0.5028880866425993,0.4031620553359684
median_return,xgboost,9,1993,0.6047266588754707,0.480225988700565,0.8333333333333334,0.6093189964157706,0.30887902689533175,0.5028880866425993,0.4031620553359684
median_return,lightgbm,9,1993,0.6181664718867679,0.48502994011976047,0.7941176470588235,0.6022304832713755,0.2996196748643448,0.5028880866425993,0.4031620553359684
median_return,logistic,10,1994,0.5900653594771241,0.609375,0.78,0.6842105263157895,0.2372122593762975,0.4932186569632815,0.5952380952380952
median_return,xgboost,10,1994,0.3750326797385621,0.46511627906976744,0.26666666666666666,0.3389830508474576,0.31121092322223926,0.4932186569632815,0.5952380952380952
median_return,lightgbm,10,1994,0.3437908496732026,0.4421052631578947,0.28,0.34285714285714286,0.3142746125104422,0.4932186569632815,0.5952380952380952
median_return,logistic,11,1995,0.52643831060858,0.43089430894308944,0.5463917525773195,0.4818181818181818,0.2526503971437193,0.5016793893129771,0.38492063492063494
median_return,xgboost,11,1995,0.48460259394745586,0.2638888888888889,0.1958762886597938,0.22485207100591717,0.27011249054440384,0.5016793893129771,0.38492063492063494
median_return,lightgbm,11,1995,0.5061523112736948,0.30666666666666664,0.23711340206185566,0.26744186046511625,0.26412332179817805,0.5016793893129771,0.38492063492063494
median_return,logistic,12,1996,0.5067685047193243,0.46875,0.7377049180327869,0.5732484076433121,0.258897279569976,0.4975900198468954,0.48031496062992124
median_return,xgboost,12,1996,0.6029557873820169,0.5269461077844312,0.7213114754098361,0.6089965397923875,0.2615287493278198,0.4975900198468954,0.48031496062992124
median_return,lightgbm,12,1996,0.6143194237456533,0.5146198830409356,0.7213114754098361,0.6006825938566553,0.2543933060271029,0.4975900198468954,0.48031496062992124
median_return,logistic,13,1997,0.568642160540135,0.5668789808917197,0.717741935483871,0.6334519572953736,0.2520020392696309,0.49722295688971174,0.4901185770750988
median_return,xgboost,13,1997,0.5256939234808702,0.5102040816326531,0.6048387096774194,0.5535055350553506,0.2936202646126991,0.49722295688971174,0.4901185770750988
median_return,lightgbm,13,1997,0.519567391847962,0.5170068027210885,0.6129032258064516,0.5608856088560885,0.29611111550927915,0.49722295688971174,0.4901185770750988
median_return,logistic,14,1998,0.6853875151747492,0.8235294117647058,0.2978723404255319,0.4375,0.24279570150782454,0.4918195339613287,0.5595238095238095
median_return,xgboost,14,1998,0.5752987029582775,0.5740740740740741,0.4397163120567376,0.4979919678714859,0.2683534351279585,0.4918195339613287,0.5595238095238095
median_return,lightgbm,14,1998,0.5282090601239537,0.5794392523364486,0.4397163120567376,0.5,0.2861940838268693,0.4918195339613287,0.5595238095238095
median_return,logistic,15,1999,0.46987082814241693,0.625,0.23178807947019867,0.33816425120772947,0.2794233235830074,0.4974335044330378,0.5992063492063492
median_return,xgboost,15,1999,0.5515048193561078,0.6329113924050633,0.33112582781456956,0.43478260869565216,0.29634753460071633,0.4974335044330378,0.5992063492063492
median_return,lightgbm,15,1999,0.5258343715166218,0.6081081081081081,0.2980132450331126,0.4,0.30873547926215295,0.4974335044330378,0.5992063492063492
median_return,logistic,16,2000,0.551671511627907,0.384,0.6,0.4682926829268293,0.2537540926427704,0.5046275892463641,0.31746031746031744
median_return,xgboost,16,2000,0.45632267441860463,0.2875,0.575,0.38333333333333336,0.33034285794689655,0.5046275892463641,0.31746031746031744
median_return,lightgbm,16,2000,0.42863372093023255,0.2662337662337662,0.5125,0.3504273504273504,0.3425176356194366,0.5046275892463641,0.31746031746031744
median_return,logistic,17,2001,0.7106036324786325,0.6438356164383562,0.9791666666666666,0.7768595041322314,0.22099327194776208,0.4920668058455115,0.5806451612903226
median_return,xgboost,17,2001,0.6216613247863247,0.6432432432432432,0.8263888888888888,0.723404255319149,0.24131347647816226,0.4920668058455115,0.5806451612903226
median_return,lightgbm,17,2001,0.6187900641025641,0.6532663316582915,0.9027777777777778,0.7580174927113703,0.23777821746279376,0.4920668058455115,0.5806451612903226
median_return,logistic,18,2002,0.6630731855450956,0.375886524822695,0.7162162162162162,0.4930232558139535,0.25710769337540834,0.4982135768161969,0.29365079365079366
median_return,xgboost,18,2002,0.6408290312784695,0.3697478991596639,0.5945945945945946,0.45595854922279794,0.25012318716352094,0.4982135768161969,0.29365079365079366
median_return,lightgbm,18,2002,0.6363498329790463,0.38333333333333336,0.6216216216216216,0.4742268041237113,0.25128385393973307,0.4982135768161969,0.29365079365079366
median_return,logistic,19,2003,0.6482123059866962,0.75,0.5304878048780488,0.6214285714285714,0.23876824040670983,0.4890359168241966,0.6507936507936508
median_return,xgboost,19,2003,0.44578021064301554,0.6071428571428571,0.5182926829268293,0.5592105263157895,0.27056968434969714,0.4890359168241966,0.6507936507936508
median_return,lightgbm,19,2003,0.41414911308204,0.6083916083916084,0.5304878048780488,0.5667752442996743,0.27880988237980936,0.4890359168241966,0.6507936507936508
median_return,logistic,20,2004,0.5392574558734023,0.7659574468085106,0.22641509433962265,0.34951456310679613,0.26836779242843467,0.49404547094911583,0.6309523809523809
median_return,xgboost,20,2004,0.4293636302157301,0.5555555555555556,0.22012578616352202,0.3153153153153153,0.32338372706527074,0.49404547094911583,0.6309523809523809
median_return,lightgbm,20,2004,0.44275377020355716,0.5789473684210527,0.20754716981132076,0.3055555555555556,0.32203734636802134,0.49404547094911583,0.6309523809523809
median_return,logistic,21,2005,0.6324163286004058,0.7333333333333333,0.1896551724137931,0.3013698630136986,0.23942575060273075,0.5018985157059026,0.4603174603174603
median_return,xgboost,21,2005,0.4811739350912779,0.4375,0.4224137931034483,0.4298245614035088,0.2745173985302972,0.5018985157059026,0.4603174603174603
median_return,lightgbm,21,2005,0.4799695740365112,0.411214953271028,0.3793103448275862,0.39461883408071746,0.2733626579796134,0.5018985157059026,0.4603174603174603
median_return,logistic,22,2006,0.7301864801864801,0.6,0.7222222222222222,0.6554621848739496,0.22877057810665896,0.500496195831955,0.4302788844621514
median_return,xgboost,22,2006,0.5797720797720798,0.49606299212598426,0.5833333333333334,0.5361702127659574,0.24345349763589083,0.500496195831955,0.4302788844621514
median_return,lightgbm,22,2006,0.5725200725200725,0.5,0.6018518518518519,0.5462184873949579,0.24999136861259863,0.500496195831955,0.4302788844621514
median_return,logistic,23,2007,0.6213975523095143,0.8260869565217391,0.12751677852348994,0.22093023255813954,0.25559073031386437,0.496903287279657,0.5936254980079682
median_return,xgboost,23,2007,0.3239242005527043,0.41379310344827586,0.24161073825503357,0.3050847457627119,0.31567077633067453,0.496903287279657,0.5936254980079682
median_return,lightgbm,23,2007,0.3176075799447296,0.43529411764705883,0.2483221476510067,0.3162393162393162,0.31773827643599784,0.496903287279657,0.5936254980079682
median_return,logistic,24,2008,0.5610881542699724,0.4050632911392405,0.7272727272727273,0.5203252032520326,0.2502907701842459,0.5021380574221136,0.34782608695652173
median_return,xgboost,24,2008,0.5800964187327824,0.3816793893129771,0.5681818181818182,0.45662100456621,0.26081981625956296,0.5021380574221136,0.34782608695652173
median_return,lightgbm,24,2008,0.5968319559228651,0.43448275862068964,0.7159090909090909,0.5407725321888412,0.2573928449729738,0.5021380574221136,0.34782608695652173
median_return,logistic,25,2009,0.7296650717703349,0.8773584905660378,0.5284090909090909,0.6595744680851063,0.2283657341675451,0.4953683281870313,0.6984126984126984
median_return,xgboost,25,2009,0.6445873205741627,0.7784431137724551,0.7386363636363636,0.7580174927113703,0.21554399927231305,0.4953683281870313,0.6984126984126984
median_return,lightgbm,25,2009,0.6214114832535885,0.7777777777777778,0.7159090909090909,0.7455621301775148,0.22214832965988032,0.4953683281870313,0.6984126984126984
median_return,logistic,26,2010,0.618423551756885,0.5099337748344371,0.6581196581196581,0.5746268656716418,0.2449600734232635,0.5026229973061109,0.4642857142857143
median_return,xgboost,26,2010,0.485565052231719,0.45625,0.6239316239316239,0.5270758122743683,0.28913537092735947,0.5026229973061109,0.4642857142857143
median_return,lightgbm,26,2010,0.4549540993985438,0.45625,0.6239316239316239,0.5270758122743683,0.2904124645400624,0.5026229973061109,0.4642857142857143
median_return,logistic,27,2011,0.6265357905982906,0.41784037558685444,0.9270833333333334,0.5760517799352751,0.2530893513834779,0.5007529089664613,0.38095238095238093
median_return,xgboost,27,2011,0.46447649572649574,0.35333333333333333,0.5520833333333334,0.43089430894308944,0.2835244937042127,0.5007529089664613,0.38095238095238093
median_return,lightgbm,27,2011,0.4453125,0.375,0.53125,0.4396551724137931,0.281132250124204,0.5007529089664613,0.38095238095238093
median_return,logistic,28,2012,0.4551475015051174,0.3263157894736842,0.31313131313131315,0.31958762886597936,0.2507672008816129,0.49583167923779276,0.396
median_return,xgboost,28,2012,0.3096528195865944,0.2,0.2222222222222222,0.21052631578947367,0.29428584479497555,0.49583167923779276,0.396
median_return,lightgbm,28,2012,0.3306575690681651,0.2631578947368421,0.25252525252525254,0.25773195876288657,0.2889701759024144,0.49583167923779276,0.396
median_return,logistic,29,2013,0.5890921183904224,0.6192468619246861,0.9548387096774194,0.751269035532995,0.23382242157755745,0.49519661841936724,0.6150793650793651
median_return,xgboost,29,2013,0.48067841702693714,0.5888324873096447,0.7483870967741936,0.6590909090909091,0.2521734936454428,0.49519661841936724,0.6150793650793651
median_return,lightgbm,29,2013,0.5052211506484868,0.59,0.7612903225806451,0.6647887323943662,0.24943967672907355,0.49519661841936724,0.6150793650793651
median_return,logistic,30,2014,0.5139950717128957,0.4527363184079602,0.7647058823529411,0.56875,0.24974727883982914,0.49869710882243456,0.4722222222222222
median_return,xgboost,30,2014,0.6052315663107348,0.52,0.6554621848739496,0.5799256505576208,0.2424328019478451,0.49869710882243456,0.4722222222222222
median_return,lightgbm,30,2014,0.5317811335060341,0.4827586206896552,0.5882352941176471,0.5303030303030303,0.25633517901593306,0.49869710882243456,0.4722222222222222
median_return,logistic,31,2015,0.4657595693779904,0.2780487804878049,0.75,0.40569395017793597,0.269546512273573,0.49789435687642886,0.30158730158730157
median_return,xgboost,31,2015,0.49588815789473684,0.2948717948717949,0.6052631578947368,0.39655172413793105,0.28370366300567906,0.49789435687642886,0.30158730158730157
median_return,lightgbm,31,2015,0.4584330143540669,0.26704545454545453,0.618421052631579,0.373015873015873,0.2917639335062603,0.49789435687642886,0.30158730158730157
median_return,logistic,32,2016,0.5687918281084889,0.679324894514768,0.9640718562874252,0.7970297029702971,0.23268373656992614,0.49235081163143757,0.6626984126984127
median_return,xgboost,32,2016,0.5005283550545967,0.6770833333333334,0.7784431137724551,0.724233983286908,0.24189971840921726,0.49235081163143757,0.6626984126984127
median_return,lightgbm,32,2016,0.5084889045438534,0.673469387755102,0.7904191616766467,0.7272727272727273,0.23938501100528933,0.49235081163143757,0.6626984126984127
median_return,logistic,33,2017,0.5402711323763956,0.44274809160305345,0.5858585858585859,0.5043478260869565,0.24963063831128818,0.49540555870674985,0.3944223107569721
median_return,xgboost,33,2017,0.5797448165869219,0.5,0.43434343434343436,0.4648648648648649,0.24176322105818818,0.49540555870674985,0.3944223107569721
median_return,lightgbm,33,2017,0.5949627857522595,0.4528301886792453,0.48484848484848486,0.4682926829268293,0.24049014928210083,0.49540555870674985,0.3944223107569721
median_return,logistic,34,2018,0.6737362786285405,0.47651006711409394,0.7553191489361702,0.5843621399176955,0.24437924878853248,0.4942642841385396,0.3745019920318725
median_return,xgboost,34,2018,0.4756742105976419,0.3770491803278688,0.48936170212765956,0.42592592592592593,0.2832818635783444,0.4942642841385396,0.3745019920318725
median_return,lightgbm,34,2018,0.5003049193657677,0.37398373983739835,0.48936170212765956,0.423963133640553,0.2782925412116358,0.4942642841385396,0.3745019920318725
median_return,logistic,35,2019,0.47190728143109095,0.7096774193548387,0.582010582010582,0.6395348837209303,0.24511046536338618,0.49071589567457335,0.75
median_return,xgboost,35,2019,0.4566221550348534,0.7043478260869566,0.42857142857142855,0.5328947368421053,0.28362647789671613,0.49071589567457335,0.75
median_return,lightgbm,35,2019,0.4651045603426557,0.6868686868686869,0.35978835978835977,0.4722222222222222,0.284187099655393,0.49071589567457335,0.75
median_return,logistic,36,2020,0.7037926675094818,0.8928571428571429,0.22123893805309736,0.3546099290780142,0.2354806643949606,0.4959765910753475,0.44664031620553357
median_return,xgboost,36,2020,0.40385587863463973,0.36363636363636365,0.24778761061946902,0.29473684210526313,0.27393129242383313,0.4959765910753475,0.44664031620553357
median_return,lightgbm,36,2020,0.438685208596713,0.4246575342465753,0.2743362831858407,0.3333333333333333,0.26535848057650435,0.4959765910753475,0.44664031620553357
median_return,logistic,37,2021,0.6230066872427984,0.5028901734104047,0.8055555555555556,0.6192170818505338,0.24677215398928173,0.4962329464467522,0.42857142857142855
median_return,xgboost,37,2021,0.7261445473251029,0.5948275862068966,0.6388888888888888,0.6160714285714286,0.22379078006873998,0.4962329464467522,0.42857142857142855
median_return,lightgbm,37,2021,0.7143132716049382,0.5909090909090909,0.6018518518518519,0.5963302752293578,0.22438260035689372,0.4962329464467522,0.42857142857142855
median_return,logistic,38,2022,0.6576236263736264,0.43137254901960786,0.967032967032967,0.5966101694915255,0.25189202527607263,0.49473893190391105,0.36254980079681276
median_return,xgboost,38,2022,0.6890796703296703,0.43478260869565216,0.8791208791208791,0.5818181818181818,0.24598573204894922,0.49473893190391105,0.36254980079681276
median_return,lightgbm,38,2022,0.6886675824175825,0.42857142857142855,0.8571428571428571,0.5714285714285714,0.24495884520620262,0.49473893190391105,0.36254980079681276
median_return,logistic,39,2023,0.7510432968179446,0.6648648648648648,0.8661971830985915,0.7522935779816514,0.23484270151562328,0.4906537530266344,0.568
median_return,xgboost,39,2023,0.631585811163276,0.6666666666666666,0.6619718309859155,0.6643109540636042,0.23706812953221662,0.4906537530266344,0.568
median_return,lightgbm,39,2023,0.6189358372456965,0.6356589147286822,0.5774647887323944,0.6051660516605166,0.23989937197303982,0.4906537530266344,0.568
median_return,logistic,40,2024,0.6049133858267717,0.6032608695652174,0.888,0.7184466019417476,0.2463640698754079,0.4935224586288416,0.49603174603174605
median_return,xgboost,40,2024,0.4639370078740157,0.4573643410852713,0.472,0.4645669291338583,0.27787639051563806,0.4935224586288416,0.49603174603174605
median_return,lightgbm,40,2024,0.46595275590551183,0.47761194029850745,0.512,0.4942084942084942,0.27938625319482563,0.4935224586288416,0.49603174603174605
median_return,logistic,41,2025,0.6678856382978723,0.6153846153846154,0.8125,0.7003367003367004,0.2354870960868063,0.4935808626581694,0.5765765765765766
median_return,xgboost,41,2025,0.6465259308510638,0.6023391812865497,0.8046875,0.6889632107023411,0.233119532390346,0.4935808626581694,0.5765765765765766
median_return,lightgbm,41,2025,0.6149434840425532,0.5804597701149425,0.7890625,0.6688741721854304,0.2339806221100976,0.4935808626581694,0.5765765765765766
